"Page / section";"Cle";"Francais";"Wolof actuel";"WOLOF corrige (si besoin)"
"Accueil — bandeau";"banner.challenge_btn";"Participer";"Bokk";""
"Accueil — bandeau";"banner.challenge_text";"Participez au Challenge 1 Milliard de Salaatu : enregistrez vos prières quotidiennes !";"Bokk lëna ci Challenge 1 Milyaar: bindël say Selal tey !";""
"Accueil — banniere";"hero.badge";"Kippangog Salaatu 'Alaa Nabii";"Kippaangog Salaatu 'Alaa Nabii";""
"Accueil — banniere";"hero.card_commissions";"Commissions Officielles";"Kër yi Officielles";""
"Accueil — banniere";"hero.card_commissions_desc";"Éducation, Communication, Finances, Sociale, Organisation et Relations Extérieures.";"Njàng, Joxe-Xibaar, Alal, Mbokk, Yax ak Yokkute ci Bitti.";""
"Accueil — banniere";"hero.card_membre";"Vie du Membre";"Dund Mbokk mi";""
"Accueil — banniere";"hero.card_membre_desc";"Adhésion, participation spirituelle et engagement communautaire.";"Bokk, ñaaani, ak ndimbal mbokk mi.";""
"Accueil — banniere";"hero.card_overline";"Vie Institutionnelle KSN";"Yoonu Dahira KSN";""
"Accueil — banniere";"hero.card_reglement";"Règlement Intérieur";"Yoon yi";""
"Accueil — banniere";"hero.card_reglement_desc";"Statuts, discipline et fonctionnement du Dahira.";"Tëralin, jëfandikoo ak liggéey Dahira ji.";""
"Accueil — banniere";"hero.card_title";"Organisation & Fonctionnement";"Yax & Liggéey";""
"Accueil — banniere";"hero.subtitle";"Créé le 02 Janvier 2021 à Touba, KSN œuvre pour la promotion de la Prière sur le Prophète Muhammad ﷺ à travers une organisation structurée, des activités spirituelles et une communauté internationale engagée.";"KSN sosu woon na 02 Sanwiyee 2021 ci Touba, ngir tëralu Salaatu ci Yonent bi Muhammad ﷺ ak yax mbokk mu mag te jëm ci àdduna bi.";""
"Accueil — banniere";"hero.title_line1";"Une communauté";"Mbokk mi";""
"Accueil — banniere";"hero.title_line2";"spirituelle moderne";"tax na ci diiney";""
"Accueil — banniere";"hero.title_line3";"au service de la";"ngir Salaatu";""
"Accueil — banniere";"hero.title_line4";"Prière sur le Prophète Muhammad ﷺ";"ci Yonent bi Muhammad ﷺ";""
"Accueil — chiffres";"stats.app_users";"Utilisateurs App";"Jëfandikookat Applikaasion";""
"Accueil — chiffres";"stats.creation";"Création KSN";"KSN sos";""
"Accueil — chiffres";"stats.international";"Rayonnement International";"Leeral ci Àdduna bi";""
"Accueil — chiffres";"stats.members";"Membres Engagés";"Mbokki Jëfandikoo";""
"Accueil — chiffres";"stats.overline";"Rayonnement KSN";"Leeralu KSN";""
"Accueil — chiffres";"stats.title";"Une Communauté Spirituelle Internationale";"Mbokk mu Diiney mu Mag";""
"Barre de navigation";"nav.actualites";"Actualités";"Xibaar yi";""
"Barre de navigation";"nav.contact";"Contact";"Jokk";""
"Barre de navigation";"nav.dahira";"Le Dahira";"Dahira ji";""
"Barre de navigation";"nav.home";"Accueil";"Daay";""
"Barre de navigation";"nav.media";"Média";"Media";""
"Barre de navigation";"nav.spiritualite";"Spiritualité";"Diiney";""
"Barre de navigation";"nav.vie_spirituelle";"Vie spirituelle";"Diine ji";""
"Boutons d'appel";"cta.contact_whatsapp";"Contacter sur WhatsApp";"Jokk ci WhatsApp";""
"Boutons d'appel";"cta.discover";"Découvrir KSN";"Xam KSN";""
"Boutons d'appel";"cta.donate";"Faire un Don";"Defal Yónne";""
"Boutons d'appel";"cta.follow_us";"Suivez-nous";"Toopal nu";""
"Boutons d'appel";"cta.join";"Rejoindre le Dahira";"Bokk ci Dahira ji";""
"Boutons d'appel";"cta.member";"Devenir Membre";"Nekk ci Mbokk";""
"Boutons d'appel";"cta.read_more";"Lire l'article";"Jëfandikoo bind bi";""
"Boutons d'appel";"cta.send_whatsapp";"Envoyer via WhatsApp";"Yónne ci WhatsApp";""
"Compte a rebours";"countdown.gammu_passed";"Le Gàmmu a eu lieu — Alhamdoulillah pour cette édition.";"Gàmmu bi jàll na — Alhamdoulillah ci fànn yu barkeel yi.";""
"Documents officiels";"documents.download_btn";"Télécharger le document PDF";"Yeb kayit PDF bi";""
"Documents officiels";"documents.intro";"Consultez et téléchargez les documents de référence qui régissent l'organisation et le fonctionnement du Dahira Kippangog Salaatu 'Alaa Nabii.";"Xoolal te yeb ay kayit yu njëkk yi tax na tëralin ak liggéeyu Dahira Kippangog Salaatu 'Alaa Nabii.";""
"Documents officiels";"documents.overline";"Ressources & Transparence";"Jumtukaay & Leeral";""
"Documents officiels";"documents.title";"Documents Officiels KSN";"Ay kayit yu officiel KSN";""
"Galerie photos";"gallery.cat_activites";"Activités";"Jëf yi";""
"Galerie photos";"gallery.cat_assemblee";"Assemblée générale";"Ndaje mu mag";""
"Galerie photos";"gallery.cat_evenements";"Événements";"Xew yi";""
"Galerie photos";"gallery.cat_journee";"Journée Salaatu";"Bisu Salaatu";""
"Galerie photos";"gallery.cat_tous";"Tous";"Yépp";""
"Galerie photos";"gallery.desc";"Cliquez sur une photo pour la voir en grand. Filtrez par catégorie pour retrouver un événement précis.";"Bësal ci nataal ngir gis ko bu mag. Tannal ci catégorie ngir gis benn xew bu wér.";""
"Galerie photos";"gallery.empty";"Aucune photo dans cette catégorie pour l'instant.";"Amul benn nataal ci catégorie bii léegi.";""
"Galerie photos";"gallery.footer";"Galerie alimentée par l'équipe KSN — {count} photos disponibles.";"Galeri bi ekibu KSN moo koy toppatoo — {count} nataal ñoo am.";""
"Galerie photos";"gallery.overline";"Galerie Photos KSN";"Galeri Nataal KSN";""
"Galerie photos";"gallery.title";"Moments du Dahira";"Jamonoy Dahira ji";""
"Identite du site";"site.location";"Touba, Sénégal";"Touba, Senegaal";""
"Identite du site";"site.motto";"Prière • Spiritualité • Rayonnement";"Ñaan • Diiney • Leeral";""
"Identite du site";"site.tagline";"Site Officiel International";"Site Bi Maam ji";""
"Mois de l'annee";"month.apr";"Avr";"Awu";""
"Mois de l'annee";"month.april";"Avril";"Awril";""
"Mois de l'annee";"month.aug";"Aoû";"Ut";""
"Mois de l'annee";"month.august";"Août";"Ut";""
"Mois de l'annee";"month.dec";"Déc";"Des";""
"Mois de l'annee";"month.december";"Décembre";"Desambar";""
"Mois de l'annee";"month.feb";"Fév";"Fee";""
"Mois de l'annee";"month.february";"Février";"Feebriyee";""
"Mois de l'annee";"month.jan";"Jan";"San";""
"Mois de l'annee";"month.january";"Janvier";"Sanwiyee";""
"Mois de l'annee";"month.jul";"Jul";"Zul";""
"Mois de l'annee";"month.july";"Juillet";"Sulyee";""
"Mois de l'annee";"month.jun";"Jui";"Zwe";""
"Mois de l'annee";"month.june";"Juin";"Suwe";""
"Mois de l'annee";"month.may";"Mai";"Mee";""
"Mois de l'annee";"month.may_full";"Mai";"Mee";""
"Mois de l'annee";"month.nov";"Nov";"Now";""
"Mois de l'annee";"month.november";"Novembre";"Nowambar";""
"Mois de l'annee";"month.oct";"Oct";"Okt";""
"Mois de l'annee";"month.october";"Octobre";"Oktoobar";""
"Mois de l'annee";"month.sep";"Sep";"Sat";""
"Mois de l'annee";"month.september";"Septembre";"Sattumbar";""
"Onglets";"tabs.activites";"Activités";"Jëf yi";""
"Onglets";"tabs.bibliotheque";"Bibliothèque";"Téereekaay bi";""
"Onglets";"tabs.direct";"Direct";"Direct bi";""
"Onglets";"tabs.galerie";"Galerie";"Galeri bi";""
"Onglets";"tabs.jalons";"Les jalons";"Jamono yi";""
"Onglets";"tabs.jour";"Salaatou du jour";"Salaatou bisu tey";""
"Onglets";"tabs.origines";"Origines";"Cosaan";""
"Onglets";"tabs.participer";"Participer";"Bokk ci";""
"Onglets";"tabs.presentation";"Présentation";"Njëkk";""
"Onglets";"tabs.programme";"Programme";"Prograam bi";""
"Onglets";"tabs.progression";"Progression";"Yokkute bi";""
"Onglets";"tabs.reseaux";"Réseaux sociaux";"Réseaux yi";""
"Onglets";"tabs.ressources";"Ressources";"Njumtukaay yi";""
"Onglets";"tabs.spirituel";"Versets & Hadiths";"Aaya ak Hadiis";""
"Onglets";"tabs.temoignages";"Témoignages";"Seede yi";""
"Onglets";"tabs.valeurs";"Nos valeurs";"Sunu gëm-gëm";""
"Page Challenge";"challenge.countdown_overline";"Objectif Spirituel";"Péxé bu Mag";""
"Page Challenge";"challenge.countdown_title";"Compte à rebours jusqu'au Gàmmu (Mawlid)";"Limu waxtu jëm ci Gàmmu bi";""
"Page Challenge";"challenge.hover_details";"Survolez les points pour voir les détails";"Lal points yi ngir gis details yi";""
"Page Challenge";"challenge.leader";"Leader";"Njiit";""
"Page Challenge";"challenge.leaderboard_desc";"Félicitations et prières pour nos sections locales à travers le monde. Voici le classement des sections les plus actives du Challenge 1 Milliard.";"Teyal ak ñaan ngir sunu section locales ci adduna bi. Limu section yi gën a active ci Challenge 1 Milyar.";""
"Page Challenge";"challenge.leaderboard_title";"Les sections leaders";"Section yi jiitu";""
"Page Challenge";"challenge.progression_label";"Progression";"Yokkute";""
"Page Challenge";"challenge.projected";"Projeté";"Ndortel";""
"Page Challenge";"challenge.realized";"Réalisé";"Def na";""
"Page Challenge";"challenge.select_month";"Sélectionner un mois";"Tannal weer";""
"Page Challenge";"challenge.trend_desc";"Suivi de la progression cumulée vers l'objectif spirituel du milliard. La ligne pointillée représente les projections basées sur le rythme actuel.";"Toopal yokkug Salaat jëm ci milyar bi. Yoon bu rëdd bi mooy ndortel rythme bi.";""
"Page Challenge";"challenge.trend_overline";"Tendances & Prévisions 2026";"Doxalin & Ndortel 2026";""
"Page Challenge";"challenge.trend_title";"Progression Mensuelle";"Yokkug Weer Wu Nek";""
"Page Contact";"contact.wa_alert";"📩 Nouveau message depuis le site KSN";"📩 Bataaxal bu bees bu jóge ci site KSN";""
"Page Contact";"contactpage.hero_desc";"Une question, une adhésion, une collaboration ou une demande d'information ? Notre équipe est disponible pour vous accompagner.";"Benn laaj, benn bokk, benn liggéeyandoo walla benn ñaan ci xibaar? Sunu ekib mi am na ngir dimbali la.";""
"Page Faire un don";"don.btn_processing";"Traitement sécurisé...";"Processing sécurisé...";""
"Page Faire un don";"don.btn_submit";"Valider mon don";"Teral sa ndimbal";""
"Page Faire un don";"don.details_error";"Veuillez renseigner votre nom et votre adresse email.";"Bindal sa tur ak sa email.";""
"Page Faire un don";"don.intl_badge";"Diaspora & International";"Bitti réew & Adduna";""
"Page Faire un don";"don.intl_desc";"Soutenez le Dahira KSN depuis l'étranger par Carte Bancaire ou PayPal. Reçu fiscal électronique généré automatiquement.";"Dimbali Dahira KSN ci bitti réew ci Carte walla PayPal. Reçu fiscal électronique day def automatiquement.";""
"Page Faire un don";"don.intl_title";"Dons Sécurisés (Stripe + PayPal)";"Dimbal yu Sécurisé (Stripe + PayPal)";""
"Page Faire un don";"don.new_donation";"Faire un nouveau don";"Defal leneen ndimbal";""
"Page Faire un don";"don.other_amount";"Autre montant :";"Leneen lim:";""
"Page Faire un don";"don.payment_method";"Méthode de Paiement";"Yoonu Yónne";""
"Page Faire un don";"don.paypal_btn";"Payer avec PayPal";"Fay ci PayPal";""
"Page Faire un don";"don.paypal_desc";"Ouvre une fenêtre pop-up sécurisée PayPal pour finaliser votre don de manière confidentielle.";"Day ubbil fenêtre pop-up PayPal ngir finaliser sa ndimbal ci yoonu kër.";""
"Page Faire un don";"don.placeholder_custom";"Saisissez un montant...";"Bindal lim bi...";""
"Page Faire un don";"don.processing_error";"Une erreur est survenue lors du traitement du don. Veuillez réessayer.";"Erreur am na ci ndimbal mi. Jéemaatël.";""
"Page Faire un don";"don.receipt_donor";"Bienfaiteur :";"Bienfaiteur:";""
"Page Faire un don";"don.receipt_email";"Email :";"Email:";""
"Page Faire un don";"don.receipt_email_sent";"Un e-mail de confirmation contenant votre reçu au format PDF a été envoyé à l'adresse {email}.";"Email de confirmation yónne na ci {email} ak reçuu PDF.";""
"Page Faire un don";"don.receipt_status";"Statut :";"Statut:";""
"Page Faire un don";"don.receipt_success";"Succès ✓";"Nangu ✓";""
"Page Faire un don";"don.receipt_tx";"Transaction N° :";"Transaction N°:";""
"Page Faire un don";"don.secured_ssl";"Données chiffrées SSL 256-bits.";"SSL 256-bits chiffré.";""
"Page Faire un don";"don.step_amount";"2. Montant du don";"2. Limu ndimbal";""
"Page Faire un don";"don.step_details";"3. Vos coordonnées";"3. Say detail";""
"Page Faire un don";"don.success_desc";"Votre don de {amount} a été validé avec succès.";"Sa ndimbal bu {amount} nangu na bu baax.";""
"Page Faire un don";"don.success_thanks";"Merci infiniment !";"Jërëjëf bu bari!";""
"Page Faire un don";"don.total";"Total Don :";"Limu Ndimbal:";""
"Page Faire un don";"don.validation_error";"Veuillez indiquer un montant valide.";"Bindal lim bu dëgg.";""
"Page FAQ";"faq.a4_1";"La prochaine édition aura lieu le 26 décembre 2026 à Touba. Le programme complet est publié sur /journee-salaatu avec compte à rebours, horaires détaillés et options de participation (présence physique, distance, soutien).";"La prochaine édition aura lieu le 26 décembre 2026 à Touba. Le programme complet est publié sur /journee-salaatu avec compte à rebours, horaires détaillent et options de participation (présence physique, distance, soutien).";""
"Page FAQ";"faq.cat1_title";"Le Dahira KSN";"Dahira KSN";""
"Page FAQ";"faq.q2_2";"Combien coûte l'adhésion ?";"Ñaata la adhésion bi jar ?";""
"Page Journee Salaatu";"journee.countdown_label";"Prochaine édition :";"Édition bi ci kanam:";""
"Page Journee Salaatu";"journee.cta_join";"Rejoindre le Dahira";"Bokk ci Dahira ji";""
"Page Journee Salaatu";"journee.cta_whatsapp";"Détails WhatsApp";"Xibaar yi ci WhatsApp";""
"Page Journee Salaatu";"journee.event_date";"26 décembre 2026 — Touba";"26 Desàmbar 2026 — Touba";""
"Page Journee Salaatu";"journee.gallery_desc";"Quelques instantanés et conférences capturés lors des précédentes éditions de la Journée Salaatu ʿAlaa Nabii à Touba.";"Ay nataal ak ndaje yu ñu jël ci édition yi weesu yu Bisu Salaatu ʿAlaa Nabii ci Touba.";""
"Page Journee Salaatu";"journee.gallery_loading_photos";"Chargement des photos...";"Nataal yi ñu ngi yeb...";""
"Page Journee Salaatu";"journee.gallery_loading_videos";"Chargement des vidéos...";"Wideo yi ñu ngi yeb...";""
"Page Journee Salaatu";"journee.gallery_no_photos";"Aucune photo souvenir disponible pour le moment.";"Amul benn nataalu fattaliku léegi.";""
"Page Journee Salaatu";"journee.gallery_no_videos";"Aucune vidéo d'archive disponible pour le moment.";"Amul benn wideo bu archive léegi.";""
"Page Journee Salaatu";"journee.gallery_overline";"Souvenirs Multimédias";"Fattaliku yu Multimedia";""
"Page Journee Salaatu";"journee.gallery_photos";"📷 Photos Souvenirs";"📷 Nataal yu Fattaliku";""
"Page Journee Salaatu";"journee.gallery_share_1";"Vous avez des photos ou des vidéos des éditions précédentes ? Partagez-les avec nous via";"Am nga ay nataal walla ay wideo ci édition yi weesu? Séddale ko ak nun ci";""
"Page Journee Salaatu";"journee.gallery_share_2";"elles enrichiront nos galeries pour toute la communauté.";"dina ñu yokk sunu galeri yi ngir mbooloo mépp.";""
"Page Journee Salaatu";"journee.gallery_souvenir";"Souvenir KSN";"Fattaliku KSN";""
"Page Journee Salaatu";"journee.gallery_title";"Les éditions précédentes";"Édition yi weesu";""
"Page Journee Salaatu";"journee.gallery_video_label";"Vidéo";"Wideo";""
"Page Journee Salaatu";"journee.gallery_videos";"🎥 Vidéos & Conférences";"🎥 Wideo ak Ndaje";""
"Page Journee Salaatu";"journee.hero_desc";"Le 26 décembre 2026, la Dahira KSN se réunit à Touba pour une journée entière de prières, chants des Khassida et dhikr.";"26 Desàmbar 2026, Dahira KSN dina daje ci Touba ngir benn bis bu mat sëkk ci ñaan, woyi Xassida yi ak dhikr.";""
"Page Journee Salaatu";"journee.hero_overline";"Événement spirituel annuel";"Xew bu diiney bu at mu nekk";""
"Page Journee Salaatu";"journee.hero_title";"Journée Salaatu ʿAlaa Nabii";"Bisu Salaatu ʿAlaa Nabii";""
"Page Journee Salaatu";"journee.hi1_text";"26 décembre 2026 — date fixée par le Khalife du Dahira pour cette édition annuelle.";"26 Desàmbar 2026 — bés bi Xalifa Dahira ji tëral ngir édition bii.";""
"Page Journee Salaatu";"journee.hi1_title";"Date";"Bés bi";""
"Page Journee Salaatu";"journee.hi2_text";"Touba, Sénégal — capitale spirituelle de la voie mouride et siège du Dahira KSN.";"Touba, Senegaal — péeyu diiney yoonu murit te fa la Dahira KSN dëkk.";""
"Page Journee Salaatu";"journee.hi2_title";"Lieu";"Fan";""
"Page Journee Salaatu";"journee.hi3_text";"Membres KSN, invités étrangers, oumma de Touba et toute personne aimant le Prophète ﷺ.";"Mbokki KSN, gan yu jóge bitim réew, ummay Touba ak képp ku bëgg Yonent bi ﷺ.";""
"Page Journee Salaatu";"journee.hi3_title";"Public";"Ñan";""
"Page Journee Salaatu";"journee.hi4_text";"De 07h00 à 18h30 — récital du Coran, Rajass, Khassida, conférences et mot de clôture.";"07h00 ba 18h30 — jàng Alxuraan, Rajass, Khassida, ndaje ak baatu tëj.";""
"Page Journee Salaatu";"journee.hi4_title";"Durée";"Diir bi";""
"Page Journee Salaatu";"journee.live_badge";"Direct Officiel (Prochaine Édition)";"Direct bu Officiel (Édition bi ci kanam)";""
"Page Journee Salaatu";"journee.live_chat_title";"Flux de prières des fidèles";"Wàllu ñaan yu jullit ñi";""
"Page Journee Salaatu";"journee.live_date_short";"26 Déc. 2026";"26 Des. 2026";""
"Page Journee Salaatu";"journee.live_yt_desc";"La retransmission vidéo débutera le matin de l'événement à 07h00 GMT. Abonnez-vous à notre chaîne officielle pour ne rater aucun live.";"Direct bi dina tàmbali suba bisu xew bi ci 07h00 GMT. Abonne-ko ci sunu chaîne bu officiel ngir bañ a ñàkk benn live.";""
"Page Journee Salaatu";"journee.live_yt_title";"Journée Salaatu ʿAlaa Nabii en direct de Touba";"Bisu Salaatu ʿAlaa Nabii ci direct dale Touba";""
"Page Journee Salaatu";"journee.meaning_overline";"Le sens de la Journée";"Lu Bis bi tekki";""
"Page Journee Salaatu";"journee.meaning_p1";"Fondé le 2 janvier 2021 à Touba, le Dahira";"Dahira ji, sosu woon 2 Sanwiyee 2021 ci Touba,";""
"Page Journee Salaatu";"journee.meaning_p2";"œuvre pour promouvoir la prière sur le Prophète Muhammad ﷺ à travers le monde. Chaque année, le Khalife du Dahira convoque la communauté pour une journée entière dédiée au Salaatu collectif — cette année, le";"day liggéey ngir tas salaatu ci Yonent bi Muhammad ﷺ ci àdduna bi. At mu nekk, Xalifa Dahira ji day woo mbooloo mi ngir benn bis bu mat ngir Salaatu bu mboole — ren, mooy";""
"Page Journee Salaatu";"journee.meaning_title";"Une oumma, un Prophète, une voix";"Benn umma, benn Yonent, benn baat";""
"Page Journee Salaatu";"journee.p1_text";"Petit-déjeuner communautaire, récital du Saint Coran et Rajass conduit par Serigne Khadim Sall et Serigne Fallou Fall.";"Ndékki bu mboole, jàng Alxuraan ju Sell ji ak Rajass bu Serigne Khadim Sall ak Serigne Fallou Fall jiite.";""
"Page Journee Salaatu";"journee.p1_title";"Mise en place & ouverture";"Tëralin ak ubbite";""
"Page Journee Salaatu";"journee.p2_text";"Récitation collective avec Serigne Ibrahima LO, Serigne Moustapha NIANG Koul, Serigne Fallou TOURE et Serigne Mbaye Ndiaye.";"Jàng bu mboole ak Serigne Ibrahima LO, Serigne Moustapha NIANG Koul, Serigne Fallou TOURE ak Serigne Mbaye Ndiaye.";""
"Page Journee Salaatu";"journee.p3_text";"Pause prière de Dohr suivie du déjeuner partagé entre tous les participants.";"Noppalu julli Tisbaar, topp ci añ bu mboole ci diggante ñépp ñi teew.";""
"Page Journee Salaatu";"journee.p3_title";"Prière & déjeuner";"Julli ak añ";""
"Page Journee Salaatu";"journee.p4_text";"Récitation des Khassida par le Kourel Hizbut Tarqiya.";"Jàng Khassida yi ci loxol Kourel Hizbut Tarqiya.";""
"Page Journee Salaatu";"journee.p4_title";"Déclamation des Khassida";"Jàngum Khassida yi";""
"Page Journee Salaatu";"journee.p5_text";"Conférence de Serigne Moustapha Badiane, suivie de la prière collective et du mot officiel du Dahira KSN.";"Ndaje mu Serigne Moustapha Badiane, topp ci julli bu mboole ak baatu officiel bu Dahira KSN.";""
"Page Journee Salaatu";"journee.p5_title";"Conférence & Mot du Dahira";"Ndaje ak Baatu Dahira ji";""
"Page Journee Salaatu";"journee.p6_text";"Intervention de Serigne Ahmadou Mbacke Darou Mouhty.";"Waxu Serigne Ahmadou Mbacke Darou Mouhty.";""
"Page Journee Salaatu";"journee.p6_title";"Conférence — Darou Mouhty";"Ndaje — Darou Mouhty";""
"Page Journee Salaatu";"journee.p7_text";"Allocution finale par Serigne Bassirou Toure, duas et clôture de la journée.";"Wax ju mujj ju Serigne Bassirou Toure, ñaan ak tëj bis bi.";""
"Page Journee Salaatu";"journee.p7_title";"Mot de la Fin";"Baatu Tëj";""
"Page Journee Salaatu";"journee.part_overline";"Participer à la Journée";"Bokk ci Bis bi";""
"Page Journee Salaatu";"journee.part_title";"Trois façons d'être présent";"Ñetti yoon ngir teew";""
"Page Journee Salaatu";"journee.prog_desc";"Programme officiel reconduit de l'édition précédente — il pourra être ajusté par le Khalife du Dahira avant le jour J.";"Prograam bu officiel bu jóge ci édition bi weesu — Xalifa Dahira ji mën na ko soppi balaa bis bi.";""
"Page Journee Salaatu";"journee.prog_overline";"Programme de la journée";"Prograamu bis bi";""
"Page Journee Salaatu";"journee.prog_title";"Une journée, sept moments forts";"Benn bis, juróom-ñaari jamono yu mag";""
"Page Journee Salaatu";"journee.share_label";"Partager l'événement";"Séddale xew bi";""
"Page Journee Salaatu";"journee.share_text";"Rejoignez-nous à Touba le 26 décembre 2026 pour la Journée Salaatu ʿAlaa Nabii — une journée entière dédiée à la prière sur le Prophète Muhammad ﷺ.";"Fekksil nu ci Touba 26 Desàmbar 2026 ngir Bisu Salaatu ʿAlaa Nabii — benn bis bu mat sëkk bu ñu jagleel salaatu ci Yonent bi Muhammad ﷺ.";""
"Page Journee Salaatu";"journee.share_title";"Journée Salaatu ʿAlaa Nabii — 26 décembre 2026";"Bisu Salaatu ʿAlaa Nabii — 26 Desàmbar 2026";""
"Page Journee Salaatu";"journee.verse_ref";"— Coran, sourate Al-Ahzâb (33), verset 56";"— Alxuraan, saaru Al-Ahzâb (33), laaya 56";""
"Page Journee Salaatu";"journee.verse_trans";"« Certes, Allah et Ses Anges prient sur le Prophète. Ô vous qui croyez, priez sur lui et adressez-lui vos salutations. »";"« Dëgg-dëgg, Yàlla ak ay Malaakaam dañuy julli ci Yonent bi. Yéen ñi gëm, jullileen ci moom te nuyu leen ko bu baax. »";""
"Page Journee Salaatu";"journee.w1_cta";"Contacter le Dahira";"Jokkoo ak Dahira ji";""
"Page Journee Salaatu";"journee.w1_text";"Rejoignez physiquement la oumma au siège du Dahira. Contactez l'équipe WhatsApp pour l'hébergement et les détails pratiques.";"Fekksil umma bi ci dëkkub Dahira ji. Jokkool ak ekibu WhatsApp ngir dalu ak xibaar yu wér.";""
"Page Journee Salaatu";"journee.w1_title";"Venir à Touba";"Ñëw ci Touba";""
"Page Journee Salaatu";"journee.w2_cta";"Voir le Challenge";"Xool Challenge bi";""
"Page Journee Salaatu";"journee.w2_text";"Suivez le live sur YouTube et nos réseaux sociaux. Multipliez vos Salaatu depuis chez vous via l'app KSN — ils comptent pour le Challenge 1 Milliard.";"Toppal live bi ci YouTube ak sunu réseaux sociaux. Yokkal say Salaatu fa nga dëkk ci app KSN — dañuy bokk ci Challenge 1 Milyaar bi.";""
"Page Journee Salaatu";"journee.w2_title";"Participer à distance";"Bokk fu sore";""
"Page Journee Salaatu";"journee.w3_cta";"Faire un don dédié";"Defal yónne bu jagleel";""
"Page Journee Salaatu";"journee.w3_text";"L'organisation de la journée (repas, sono, hébergement des invités) repose sur les dons des membres et sympathisants.";"Tëralin bisu bi (lekk, sono, dalu gan ñi) day sukkandiku ci yónne yu mbokk yi ak way-jàppale yi.";""
"Page Journee Salaatu";"journee.w3_title";"Soutenir financièrement";"Jàppale ci alal";""
"Page Le Dahira";"dahirapage.hero_desc";"Découvrez la présidence, les commissions officielles, le règlement intérieur et toute l'organisation du Dahira Kippangog Salaatu 'Alaa Nabii.";"Xamal njiit gi, ay kër yu officiel yi, yoon yi ak tëralinu Dahira Kippangog Salaatu 'Alaa Nabii.";""
"Page Le Dahira";"dahirapage.hero_overline";"Organisation Spirituelle";"Mbootaay Diiney";""
"Page Le Dahira";"dahirapage.hero_title";"Le Dahira KSN";"Dahira KSN";""
"Page Le Dahira";"ledahira.card1_text";"Promouvoir l'amour du Prophète ﷺ à travers le Salaatu, les Khassidas, les Azkâr et l'éducation spirituelle.";"Tax mbëggeel Yonent bi ﷺ jëm kanam ci Salaatu, Khassida yi, Azkâr yi ak njàngum diiney.";""
"Page Le Dahira";"ledahira.card1_title";"Notre Mission";"Sunu Mission";""
"Page Le Dahira";"ledahira.card2_text";"Une organisation structurée avec Présidence, Secrétariat Général, Finances, Organisation et plusieurs commissions officielles.";"Mbootaay bu tëral ak Njiit, Sekerteer Bu Mag, Alal, Yax ak ay kër yu officiel.";""
"Page Le Dahira";"ledahira.card2_title";"Bureau du Dahira";"Biro Dahira ji";""
"Page Le Dahira";"ledahira.card3_text";"Participation active au Salaatu, activités spirituelles, événements, application KSN et vie communautaire.";"Bokk ci Salaatu, yëngu-yëngu diiney, xew-xew yi, applikaasion KSN ak dund mbokk mi.";""
"Page Le Dahira";"ledahira.card3_title";"Vie du Membre";"Dund Mbokk mi";""
"Page Le Dahira";"ledahira.card4_text";"Discipline, engagement spirituel, organisation et principes officiels du Dahira KSN.";"Yoon, jële ci diiney, tëralin ak ay sàrti officiel yu Dahira KSN.";""
"Page Le Dahira";"ledahira.card4_title";"Règlement Intérieur";"Yoon yi";""
"Page Le Dahira";"ledahira.card5_text";"Éducation, Culture, Finances, Sociale, Organisation et développement communautaire.";"Njàng, Aada, Alal, Sosial, Yax ak yokkutey mbokk mi.";""
"Page Le Dahira";"ledahira.card5_title";"Plan d'Actions";"Pexem Liggéey";""
"Page Le Dahira";"ledahira.intro";"Fondé le 02 Janvier 2021 à Touba, Kippangog Salaatu 'Alaa Nabii œuvre pour la promotion de la Prière sur le Prophète Muhammad ﷺ, la fraternité spirituelle et le rayonnement du Dahira à travers le monde.";"Dahira Kippangog Salaatu 'Alaa Nabii sosu na 02 Sanwiyee 2021 ci Touba, ngir tëralu Salaatu ci Yonent bi Muhammad ﷺ, mbokk ci diiney ak leeralu Dahira ji ci àdduna bi.";""
"Page Le Dahira";"ledahira.join_cta";"Adhérer Maintenant";"Bokkal Léegi";""
"Page Le Dahira";"ledahira.join_text";"Devenez membre officiel du Dahira et participez à cette mission spirituelle internationale.";"Nekkal mbokk bu officiel ci Dahira ji te bokk ci mission diiney bii ci àdduna bi.";""
"Page Le Dahira";"ledahira.join_title";"Rejoindre la KSN";"Bokk ci KSN";""
"Page Le Dahira";"ledahira.overline";"Le Dahira";"Dahira ji";""
"Page Le Dahira";"ledahira.title_l1";"Une Organisation Spirituelle";"Benn mbootaay diiney";""
"Page Le Dahira";"ledahira.title_l2";"Moderne & Structurée";"bu yees te tëral";""
"Page Le Dahira — onglets";"dahiratabs.commissions";"Commissions";"Komisioŋ yi";""
"Page Le Dahira — onglets";"dahiratabs.dahira";"Le Dahira";"Dahira ji";""
"Page Le Dahira — onglets";"dahiratabs.documents";"Documents";"Dokimaa yi";""
"Page Le Dahira — onglets";"dahiratabs.organigramme";"Organigramme";"Tëralin wi";""
"Page Le Dahira — onglets";"dahiratabs.presidence";"Présidence";"Njiit yi";""
"Page Le Dahira — organigramme";"organigramme.com1_desc";"Gère le registre des membres, les inscriptions, la validation des profils et cartes.";"Mu topptoo registar mbokk yi, inscriptions ak validation kart yi.";""
"Page Le Dahira — organigramme";"organigramme.com1_title";"Commission Administrative";"Kër Administratif";""
"Page Le Dahira — organigramme";"organigramme.com2_desc";"Responsable de la boutique, de la gestion des stocks et de la logistique d'approvisionnement.";"Ku topptoo boutique bi, stock ak logistique.";""
"Page Le Dahira — organigramme";"organigramme.com2_title";"Commission Finances & Logistique";"Kër Alal & Logistique";""
"Page Le Dahira — organigramme";"organigramme.com3_desc";"Gère l'apprentissage des prières, la bibliothèque spirituelle des Salaats et les conférences.";"Mu jëf njàngum ñaan yi, bibliothèque Salaat yi ak ndaje yi.";""
"Page Le Dahira — organigramme";"organigramme.com3_title";"Commission Culturelle & Éducation";"Kër Aada & Njàng";""
"Page Le Dahira — organigramme";"organigramme.com4_desc";"Gère les réseaux sociaux du Dahira, le site web, le matériel audiovisuel et les flux en direct.";"Mu jëf réseaux sociaux Dahira ji, site bi, audiovisuel ak direct yi.";""
"Page Le Dahira — organigramme";"organigramme.com4_title";"Commission Communication & Médias";"Kër Communication & Media";""
"Page Le Dahira — organigramme";"organigramme.com5_desc";"Gère la préparation logistique des grands événements et la gestion du public.";"Mu jëf waajalu xew-xew yu mag yi ak topptoo nit ñi.";""
"Page Le Dahira — organigramme";"organigramme.com5_title";"Commission Organisation";"Kër Organisation";""
"Page Le Dahira — organigramme";"organigramme.com6_desc";"Assure l'entraide sociale entre les membres, la solidarité communautaire et les actions caritatives.";"Mu wóoral ndimbal ci mbokk yi, bokk-jëf ak jëf yu sàddax.";""
"Page Le Dahira — organigramme";"organigramme.com6_title";"Commission Sociale & Solidarité";"Kër Sosial & Bokk-jëf";""
"Page Le Dahira — organigramme";"organigramme.commission_chief";"Chef de commission";"Njiitu kër gi";""
"Page Le Dahira — organigramme";"organigramme.dir1_desc";"Guide spirituel moral, garant des valeurs et des orientations de la KSN.";"Njiit ci diiney ak jikko, kuy aar jikko ak yoonu KSN.";""
"Page Le Dahira — organigramme";"organigramme.dir2_desc";"Fondateur et directeur exécutif, gère la coordination générale internationale.";"Sosukat te njiit, mu jëf coordination bi ci àdduna bi.";""
"Page Le Dahira — organigramme";"organigramme.intro";"Découvrez la structure hiérarchique et fonctionnelle des 12 postes officiels qui composent l'administration internationale de notre Dahira.";"Xamal tëralin ak liggéeyu fukk ak ñaari palaas yu officiel yi tax na nguurug Dahira bi ci àdduna bi.";""
"Page Le Dahira — organigramme";"organigramme.level1";"Direction Spirituelle & Fondateurs";"Njiitu Diiney & Sosukat yi";""
"Page Le Dahira — organigramme";"organigramme.level2";"Secrétariat Général & Trésorerie";"Sekerteer Bu Mag & Alal";""
"Page Le Dahira — organigramme";"organigramme.level3";"Commissions Spécialisées";"Ay Kër yu Tofar";""
"Page Le Dahira — organigramme";"organigramme.overline";"Gouvernance";"Njiit";""
"Page Le Dahira — organigramme";"organigramme.sec1_desc";"Gère l'administration, la correspondance officielle et l'archivage.";"Mu jëf nguur, mbind yu officiel ak denc.";""
"Page Le Dahira — organigramme";"organigramme.sec1_title";"Secrétaire Général";"Sekerteer Bu Mag";""
"Page Le Dahira — organigramme";"organigramme.sec2_desc";"Assiste le Secrétaire Général dans toutes les tâches administratives.";"Mu dimbali Sekerteer Bu Mag ci liggéey yu nguur yépp.";""
"Page Le Dahira — organigramme";"organigramme.sec2_title";"Secrétaire Général Adjoint";"Sekerteer Bu Mag Adjoint";""
"Page Le Dahira — organigramme";"organigramme.sec3_desc";"Gère le patrimoine financier du Dahira et présente les bilans comptables.";"Mu topptoo alalu Dahira ji te wone bilan yi.";""
"Page Le Dahira — organigramme";"organigramme.sec3_title";"Trésorier Général";"Tresorier Bu Mag";""
"Page Le Dahira — organigramme";"organigramme.sec4_desc";"Seconde le trésorier dans les flux financiers et la comptabilité courante.";"Mu dimbali tresorier bi ci alal ak comptabilité.";""
"Page Le Dahira — organigramme";"organigramme.sec4_title";"Trésorier Général Adjoint";"Tresorier Bu Mag Adjoint";""
"Page Le Dahira — organigramme";"organigramme.title";"Organigramme du Bureau KSN";"Tëralinu Biro KSN";""
"Page Le Dahira — organigramme";"organigramme.vacant";"Poste à pourvoir / Éditable";"Palaas bu feeñ / Mën a soppi";""
"Page Media";"mediapage.hero_desc";"Galerie photos, vidéos, conférences, rassemblements et moments forts de Kippangog Salaatu 'Alaa Nabii.";"Galeri nataal, wideo, ndaje, daje ak jamono yu mag yu Kippangog Salaatu 'Alaa Nabii.";""
"Page Notre Histoire";"histoire.cta_contact";"Nous contacter";"Jokkoo ak nun";""
"Page Notre Histoire";"histoire.cta_desc";"L'histoire du Dahira KSN s'écrit chaque jour, avec chaque nouveau membre, chaque nouveau Salaatu. Rejoignez le mouvement.";"Taariixu Dahira KSN day bind bés bu nekk, ak mbokk mu bees mu nekk, salaatu bu bees bu nekk. Bokkal ci yëngu-yëngu bi.";""
"Page Notre Histoire";"histoire.cta_member";"Devenir membre";"Nekk mbokk";""
"Page Notre Histoire";"histoire.cta_title";"Écrire la suite avec nous";"Bind li ci kanam ak nun";""
"Page Notre Histoire";"histoire.hero_desc";"L'histoire du Dahira Kippangog Salaatu ʿAlaa Nabii : un cercle de fidèles devenu un mouvement spirituel international, animé par une seule intention — multiplier les prières sur le Prophète Muhammad ﷺ à travers le monde.";"Taariixu Dahira Kippangog Salaatu ʿAlaa Nabii: benn mbooloo mu ngëm mu nekk benn yëngu-yëngu diiney ci àdduna bi, ku ko jëme benn yéene rekk — yokk salaatu ci Yonent bi Muhammad ﷺ ci àdduna bépp.";""
"Page Notre Histoire";"histoire.hero_overline";"Notre histoire";"Sunu Taariix";""
"Page Notre Histoire";"histoire.hero_title";"De Touba au monde, depuis 2021";"Dale Touba ba àdduna bi, dale 2021";""
"Page Notre Histoire";"histoire.m1_date";"02 janvier";"02 Sanwiyee";""
"Page Notre Histoire";"histoire.m1_text";"Un cercle de fidèles, sous l'impulsion de Serigne Birima Gueye, crée officiellement le Dahira Kippangog Salaatu ʿAlaa Nabii avec une mission claire : faire de la prière sur le Prophète Muhammad ﷺ un acte communautaire quotidien, structuré et rayonnant à l'international.";"Benn mbooloo mu ngëm, ci ndigalu Serigne Birima Gueye, sos na ci officiel Dahira Kippangog Salaatu ʿAlaa Nabii ak benn yéene bu leer: def salaatu ci Yonent bi Muhammad ﷺ benn jëf bu mbokk bu bés bu nekk, bu tëral te mu leeral ci àdduna bi.";""
"Page Notre Histoire";"histoire.m1_title";"Fondation du Dahira à Touba";"Sosu Dahira ji ci Touba";""
"Page Notre Histoire";"histoire.m2_date";"Chaque semaine";"Ayu-bés bu nekk";""
"Page Notre Histoire";"histoire.m2_text";"Dès la première année, la communauté se réunit régulièrement pour réciter ensemble des millions de Prières sur le Prophète Muhammad ﷺ. Cette pratique collective devient le cœur battant et l'identité du Dahira.";"Dale ci at bu njëkk, mbooloo mi dafa daje ngir jàng ndaw ay milyoŋ Salaatu ci Yonent bi Muhammad ﷺ. Jëf bii bu mboole nekk na xolu Dahira ji ak ay melokaanam.";""
"Page Notre Histoire";"histoire.m2_title";"Des millions de Salaatu ʿAlaa Nabii";"Ay milyoŋ Salaatu ʿAlaa Nabii";""
"Page Notre Histoire";"histoire.m3_text";"Pour l'anniversaire du Dahira, une délégation rend visite à Serigne Ahmadou Mbacké à Daroul Mouhty, pour une interview sur les immenses bienfaits du Salaatu ʿAlaa Nabii.";"Ci anniversaire Dahira ji, benn delegasiyoŋ seetu na Serigne Ahmadou Mbacké ci Daroul Mouhty, ngir benn waxtaan ci njariñ yu mag yu Salaatu ʿAlaa Nabii.";""
"Page Notre Histoire";"histoire.m3_title";"Visite à Serigne Ahmadou Mbacké — Daroul Mouhty";"Seetu Serigne Ahmadou Mbacké — Daroul Mouhty";""
"Page Notre Histoire";"histoire.m4_text";"À l'occasion de l'anniversaire, la communauté est reçue par Serigne Khalil Mbacké pour une causerie spirituelle dédiée aux bienfaits et aux mérites de la Prière sur le Prophète Muhammad ﷺ.";"Ci anniversaire bi, Serigne Khalil Mbacké teeru na mbooloo mi ngir benn waxtaanu diiney ci njariñ ak teraangay salaatu ci Yonent bi Muhammad ﷺ.";""
"Page Notre Histoire";"histoire.m4_title";"Causerie auprès de Serigne Khalil Mbacké";"Waxtaan ak Serigne Khalil Mbacké";""
"Page Notre Histoire";"histoire.m5_date";"30 décembre";"30 Desàmbar";""
"Page Notre Histoire";"histoire.m5_text";"Organisation du tout premier grand rassemblement annuel à Touba : récitals du Coran, conférences d'érudits, déclamation des Khassida et dhikr collectif. La Journée devient la pierre angulaire de la vie du Dahira.";"Tëralu njëkk daje bu mag bu at mu nekk ci Touba: jàng Alxuraan, ndaje yu boroom xam-xam, jàng Khassida ak dhikr bu mboole. Bis bi nekk na pexem dund Dahira ji.";""
"Page Notre Histoire";"histoire.m5_title";"1ʳᵉ Journée Salaatu ʿAlaa Nabii";"1er Bisu Salaatu ʿAlaa Nabii";""
"Page Notre Histoire";"histoire.m6_date";"14 décembre";"14 Desàmbar";""
"Page Notre Histoire";"histoire.m6_text";"La deuxième édition confirme l'ancrage de l'événement : une affluence grandissante et une mobilisation internationale autour de la Prière sur le Prophète ﷺ.";"Ñaareelu édition bi dëgëral na tabaxu xew bi: mbooloo mu yokku ak tëgg bu àddunaay ci salaatu ci Yonent bi ﷺ.";""
"Page Notre Histoire";"histoire.m6_title";"2ᵉ édition de la Journée Salaatu";"2e édition Bisu Salaatu";""
"Page Notre Histoire";"histoire.m7_date";"13 décembre";"13 Desàmbar";""
"Page Notre Histoire";"histoire.m7_text";"La troisième édition rassemble une oumma toujours plus large, unie par la prière collective sur le Prophète Muhammad ﷺ, à Touba et à travers le monde.";"Ñetteelu édition bi dajale na benn umma bu gën a yaatu, benoo ci salaatu bu mboole ci Yonent bi Muhammad ﷺ, ci Touba ak ci àdduna bi.";""
"Page Notre Histoire";"histoire.m7_title";"3ᵉ édition de la Journée Salaatu";"3e édition Bisu Salaatu";""
"Page Notre Histoire";"histoire.origins_overline";"Les origines";"Tukkikaay yi";""
"Page Notre Histoire";"histoire.origins_p1";"Le 2 janvier 2021, à Touba, capitale spirituelle de la voie mouride et terre du Cheikh Ahmadou Bamba (qu'Allah l'agrée), un cercle de fidèles s'est constitué autour d'une conviction simple : la prière sur le Prophète Muhammad ﷺ ne doit pas rester un acte solitaire — elle doit devenir un mouvement collectif, structuré et international.";"Ci 2 Sanwiyee 2021, ci Touba, péeyu diiney bu yoonu murit te suufu Cheikh Ahmadou Bamba (yal na ko Yàlla gërëm), benn mbooloo mu ngëm tëral na ci benn ngëm bu yomb: salaatu ci Yonent bi Muhammad ﷺ warul a des benn jëf bu kenn — war na nekk benn yëngu-yëngu mu mboole, mu tëral te mu àddunaay.";""
"Page Notre Histoire";"histoire.origins_p2";"De cette intention est né le Dahira";"Ci yéene boobu la juddoo Dahira";""
"Page Notre Histoire";"histoire.origins_p3";"Cinq ans plus tard, le Dahira rassemble des milliers de membres à travers l'Afrique, l'Europe, l'Amérique et l'Asie — tous unis dans un même geste quotidien : la récitation de la Prière sur le Sceau des Prophètes ﷺ.";"Juróomi at ginaaw, Dahira ji dajale na ay junniy mbokk ci Afrik, Tugal, Amerik ak Asi — ñoom ñépp benoo ci benn jëf bu bés bu nekk: jàng salaatu ci Mujjantalu Yonent yi ﷺ.";""
"Page Notre Histoire";"histoire.origins_title";"Une vision née à Touba";"Benn gis-gis bu juddoo ci Touba";""
"Page Notre Histoire";"histoire.quote_attr";"— Le Prophète Muhammad ﷺ (rapporté par Muslim)";"— Yonent bi Muhammad ﷺ (Muslim a ko wax)";""
"Page Notre Histoire";"histoire.quote_closing";"Voilà la promesse divine qui anime chaque jour le Dahira KSN depuis 2021. Multiplier ces moments, les coordonner à l'échelle de la oumma, les rendre accessibles à tous — voilà notre mission hier, aujourd'hui et demain.";"Mooy digeb Yàlla bi di yëngal Dahira KSN bés bu nekk dale 2021. Yokk jamono yooyu, tëral leen ci umma bi, def leen ñu jot ci ñépp — mooy sunu mission démb, tey ak ëllëg.";""
"Page Notre Histoire";"histoire.quote_text";"« Celui qui prie sur moi une fois, Allah prie sur lui dix fois. »";"« Ku ma salaat benn yoon, Yàlla salaat na ci moom fukk. »";""
"Page Notre Histoire";"histoire.share_label";"Partager notre histoire";"Séddale sunu taariix";""
"Page Notre Histoire";"histoire.share_text";"Comment un cercle de fidèles à Touba est devenu un Dahira international au service de la Prière sur le Prophète ﷺ.";"Naka la benn mbooloo mu ngëm ci Touba nekk benn Dahira bu àddunaay ci jëfu salaatu ci Yonent bi ﷺ.";""
"Page Notre Histoire";"histoire.share_title";"L'histoire du Dahira KSN depuis 2021";"Taariixu Dahira KSN dale 2021";""
"Page Notre Histoire";"histoire.stat1_label";"ans d'existence";"at ci dund";""
"Page Notre Histoire";"histoire.stat2_label";"membres actifs";"mbokk yu jëfandikoo";""
"Page Notre Histoire";"histoire.stat3_label";"continents";"kontinaŋ";""
"Page Notre Histoire";"histoire.stat4_label";"Salaatu visés";"Salaatu yu ñu jublu";""
"Page Notre Histoire";"histoire.timeline_desc";"Une trajectoire qui passe du local au global, du papier au numérique, du cercle fondateur à la communauté internationale.";"Benn yoon bu jóge ci local ba global, ci kayit ba numerik, ci mbooloo mu sos ba mbooloo mu àddunaay.";""
"Page Notre Histoire";"histoire.timeline_overline";"Les grandes étapes";"Tolluwaay yu mag yi";""
"Page Notre Histoire";"histoire.timeline_title";"Les jalons de notre histoire";"Tolluwaayu sunu taariix";""
"Page Notre Histoire";"histoire.v1_text";"Toute notre activité gravite autour de la prière sur le Prophète Muhammad ﷺ. C'est notre boussole et notre identité.";"Sunu jëf yépp wëndéelu na salaatu ci Yonent bi Muhammad ﷺ. Mooy sunu boussole ak sunu melokaan.";""
"Page Notre Histoire";"histoire.v1_title";"Centralité du Prophète ﷺ";"Yonent bi ﷺ ci digg bi";""
"Page Notre Histoire";"histoire.v2_text";"L'Islam place le groupe au cœur de la spiritualité. Le Dahira incarne cette dimension : multiplier l'effort individuel par la baraka du groupe.";"Lislaam dafa teg mbooloo ci xolu diiney. Dahira ji feeñal na bii: yokk jëfu nit ku nekk ci barkeb mbooloo.";""
"Page Notre Histoire";"histoire.v2_title";"Culte collectif";"Jaamu bu mboole";""
"Page Notre Histoire";"histoire.v3_text";"Depuis Touba, capitale spirituelle, vers les cinq continents. Une oumma sans frontières unie par le Salaatu.";"Dale Touba, péeyu diiney, ba juróomi kontinaŋ yi. Benn umma bu amul dig bu salaatu benoo.";""
"Page Notre Histoire";"histoire.v3_title";"Rayonnement international";"Leeral bu àddunaay";""
"Page Notre Histoire";"histoire.v4_text";"Application mobile, site web, compteurs live — la technologie ne remplace pas la spiritualité, elle la sert et la diffuse.";"Applikaasion, site web, kontër yu direct — teknoloji du wuutu diiney, day ko jëfandikoo te tas ko.";""
"Page Notre Histoire";"histoire.v4_title";"Modernité au service du sacré";"Yeesal ci jaamu bu sell";""
"Page Notre Histoire";"histoire.values_overline";"Nos valeurs";"Sunu jikko";""
"Page Notre Histoire";"histoire.values_title";"Ce qui nous guide";"Li nu jiite";""
"Pied de page";"footer.contact";"Contact";"Jokk";""
"Pied de page";"footer.copyright";"Tous droits réservés.";"Yoonu yi nepp ñu am.";""
"Pied de page";"footer.mission_quote";"Œuvrer pour la promotion de la Prière sur le Prophète Muhammad ﷺ à travers une communauté spirituelle moderne, engagée et internationale.";"Liggéey ngir tëralu Salaatu ci Yonent bi Muhammad ﷺ jaarale ko ci mbokk mu mag, jëfandikoo te ci àdduna bi.";""
"Pied de page";"footer.mission_title";"Mission Spirituelle";"Misiyon Diiney";""
"Pied de page";"footer.navigation";"Navigation";"Doxalin";""
"Pied de page";"footer.suivez";"Suivez-nous";"Toopal nu";""
"Rejoindre le Dahira";"join.accept";"J'ai lu et j'accepte les règles d'adhésion du Dahira";"Jàng naa sart yi te nangu naa ko";""
"Rejoindre le Dahira";"join.address";"Adresse";"Fa nga dëkk";""
"Rejoindre le Dahira";"join.error_required";"Merci de remplir tous les champs obligatoires.";"Fessalal fépp fu war.";""
"Rejoindre le Dahira";"join.error_rules";"Merci de lire et d'accepter les règles d'adhésion.";"Jàngal sart yi te nangu ko.";""
"Rejoindre le Dahira";"join.first_name";"Prénom";"Sa tur";""
"Rejoindre le Dahira";"join.form_desc";"Remplis ce formulaire : ta demande sera envoyée à l'équipe du Dahira sur WhatsApp pour rejoindre le groupe officiel.";"Fessalal formulaire bii: sa ñaan dina dem ci ekibu Dahira ji ci WhatsApp ngir bokk ci groupe bu officiel bi.";""
"Rejoindre le Dahira";"join.form_title";"Demande d'intégration";"Ñaan ngir bokk";""
"Rejoindre le Dahira";"join.last_name";"Nom";"Sa sant";""
"Rejoindre le Dahira";"join.optional";"facultatif";"du war";""
"Rejoindre le Dahira";"join.phone";"Numéro de téléphone";"Nimero telefon";""
"Rejoindre le Dahira";"join.profession";"Profession";"Sa liggéey";""
"Rejoindre le Dahira";"join.rules_title";"Voici les règles pour adhérer";"Lii mooy sart yi";""
"Rejoindre le Dahira";"join.submit";"Envoyer ma demande sur WhatsApp";"Yónne sama ñaan ci WhatsApp";""
"Reseaux sociaux";"social.desc";"Retrouvez les contenus spirituels, vidéos, rappels, événements et publications officielles de KSN sur toutes nos plateformes.";"Gisal ay contenu diiney, wideo, fattali, xew ak yëgle yu officiel yu KSN ci sunu plateforme yépp.";""
"Reseaux sociaux";"social.facebook";"Publications officielles, événements et vie du Dahira.";"Yëgle yu officiel, xew ak dundu Dahira ji.";""
"Reseaux sociaux";"social.instagram";"Photos officielles, inspirations et médias.";"Nataal yu officiel, xalaat ak media.";""
"Reseaux sociaux";"social.telegram";"Communauté KSN et informations importantes.";"Mbooloo KSN ak xibaar yu am solo.";""
"Reseaux sociaux";"social.tiktok";"Capsules spirituelles et contenus courts KSN.";"Wideo yu gàtt yu diiney yu KSN.";""
"Reseaux sociaux";"social.wa_text";"Rejoignez la communauté officielle et contactez directement KSN.";"Bokkal ci mbooloo mu officiel te jokkoo ak KSN bu jëkk.";""
"Reseaux sociaux";"social.wa_title";"WhatsApp Officiel";"WhatsApp bu Officiel";""
"Reseaux sociaux";"social.youtube";"Conférences, Salaatou, enseignements et lives.";"Ndaje, Salaatou, njàngale ak live yi.";""
"Salaatu du jour";"salaatu.benefits";"Bienfaits";"Njariñ yi";""
"Salaatu du jour";"salaatu.benefits_text";"Lumière dans le cœur, proximité du Prophète ﷺ et bénédictions divines.";"Leer ci xol, jegeñentee ak Yonent bi ﷺ, ak barke Yàlla.";""
"Salaatu du jour";"salaatu.overline";"Salaatou du Jour";"Salaatou bu Tey";""
"Salaatu du jour";"salaatu.reward";"Récompense";"Yool";""
"Salaatu du jour";"salaatu.reward_text";"Allah prie 10 fois sur celui qui prie une fois sur le Prophète ﷺ.";"Yàlla day julli fukk yoon ci ki julli benn yoon ci Yonent bi ﷺ.";""
"Salaatu du jour";"salaatu.title";"Le Salaatu Recommandé";"Salaatu bu ñu Digal";""
"Salaatu du jour";"salaatu.when";"Quand le réciter";"Kañ lañ koy waxe";""
"Salaatu du jour";"salaatu.when_text";"À tout moment, particulièrement après les prières et le vendredi.";"Ci kepp, rawatina ginnaaw julli ak Aljuma.";""
"Titres de section";"section.commissions_title";"Commissions Officielles";"Kër yi Officielles";""
"Titres de section";"section.communaute_digitale";"Communauté Digitale";"Mbokk Numerik";""
"Titres de section";"section.contact_officiel";"Contact Officiel";"Jokk Officielle";""
"Titres de section";"section.contact_title";"Entrer en Contact";"Jokkalal ak nu";""
"Titres de section";"section.direction_spirituelle";"Direction Spirituelle";"Doxalin Diiney";""
"Titres de section";"section.media_ksn";"Média KSN";"Media KSN";""
"Titres de section";"section.media_title";"Activités du Dahira & Vie Communautaire";"Liggéey Dahira & Dundu Mbokk";""
"Titres de section";"section.organisation_ksn";"Organisation KSN";"Yax KSN";""
"Titres de section";"section.presidence_desc";"Une direction engagée au service du Salaatu, du développement spirituel et du rayonnement international de la KSN.";"Doxalin gu jëm ci Salaatu, suqali diiney ak leeralu KSN ci àdduna bi.";""
"Titres de section";"section.presidence_title";"Présidence du Dahira";"Doxalin Dahira ji";""
"Titres de section";"section.spiritualite_ksn";"Spiritualité KSN";"Diiney KSN";""
"Titres de section";"section.spiritualite_title";"Nourrir le Cœur par le Salaatu ﷺ";"Sëf Xol bi ci Salaatu ﷺ";""
"Titres de section";"section.suivez_partout";"Suivez KSN Partout";"Toopal KSN ci kepp";""
